per_codigo,mod_codigo,cam_codigo,sec_codigo,doc_codigo,matric_pred,abrir_pred,prob
20240,ADM100,6,V5784,10520,12.21,1,0.510
20240,ADM100,6,V5785,11503,12.21,1,0.510
20240,ADM100,6,V5787,13528,12.21,1,0.510
20240,ADM100,6,V5788,12808,12.21,1,0.510
20240,ADM100,6,762,22012,15.28,1,0.658
20240,ADM100,6,763,20879,20.79,1,0.853
20240,ADM102,6,770,21370,34.73,1,0.990
20240,ADM102,6,V5477,11503,14.83,1,0.638
20240,ADM102,6,V5478,11503,14.83,1,0.638
20240,ADM102,6,V5479,11503,14.83,1,0.638
20240,ADM102,6,V5939,11503,14.83,1,0.638
20240,ADM102,6,V5941,11802,14.83,1,0.638
20240,ADM102,6,766,20833,35.55,1,0.991
20240,ADM102,6,771,20833,27.33,1,0.955
20240,ADM102,6,765,21198,29.50,1,0.971
20240,ADM102,6,768,20725,33.71,1,0.987
20240,ADM102,6,764,20193,30.52,1,0.976
20240,ADM102,6,773,20795,34.61,1,0.989
20240,ADM102,6,772,20795,33.87,1,0.988
20240,ADM102,6,767,21156,34.32,1,0.989
20240,ADM102,6,769,21198,34.61,1,0.989
20240,ADM103,6,V5483,10520,12.21,1,0.510
20240,ADM103,6,V5484,12998,12.21,1,0.510
20240,ADM103,6,V5937,20795,12.21,1,0.510
20240,ADM103,6,774,20833,23.01,1,0.901
20240,ADM103,6,775,20193,22.45,1,0.890
20240,ADM105,6,V5868,20838,12.21,1,0.510
20240,ADM105,6,788,21370,22.45,1,0.890
20240,ADM301,6,V5548,10389,12.21,1,0.510
20240,ADM301,6,1284,22266,20.33,1,0.841
20240,ADM303,6,V5666,21076,12.21,1,0.510
20240,ADM303,6,792,21129,19.15,1,0.807
20240,ADM304,6,1307,22196,20.33,1,0.841
20240,ADM402,6,V5613,13919,12.21,1,0.510
20240,ADM402,6,V5614,13802,12.21,1,0.510
20240,ADM402,6,777,20966,19.15,1,0.807
20240,ADM403,6,V5586,11269,12.21,1,0.510
20240,ADM403,6,V5587,13213,12.21,1,0.510
20240,ADM403,6,1308,20725,19.15,1,0.807
20240,ADM407,6,V5840,21634,12.21,1,0.510
20240,ADM409,6,V5536,13485,12.21,1,0.510
20240,ADM409,6,776,21024,20.79,1,0.853
20240,ADM410,6,794,21129,19.15,1,0.807
20240,ADM491,6,789,22012,7.72,0,0.298
20240,ADM492,6,790,20725,7.72,0,0.298
20240,AMB201,6,1296,13793,20.33,1,0.841
20240,AMB202,6,1297,13866,19.15,1,0.807
20240,AMB204,6,1298,13973,20.33,1,0.841
20240,AMB301,6,1299,14015,20.79,1,0.853
20240,AMB302,6,1300,13923,20.33,1,0.841
20240,AMB308,6,1399,14080,15.53,1,0.670
20240,AMB311,6,1367,14013,19.15,1,0.807
20240,ART102,6,V5530,14474,12.21,1,0.510
20240,ART102,6,V5531,14474,12.21,1,0.510
20240,ART102,6,V5532,13230,12.21,1,0.510
20240,ART102,6,V5533,13230,12.21,1,0.510
20240,ART105,6,1076,22292,19.15,1,0.807
20240,ART105,6,1074,21386,23.01,1,0.901
20240,ART105,6,1075,22292,19.44,1,0.816
20240,ART106,6,1083,22137,19.44,1,0.816
20240,ART106,6,1084,22187,15.28,1,0.658
20240,ART107,6,835,13807,19.15,1,0.807
20240,ART107,6,836,13807,29.30,1,0.970
20240,ART107,6,837,13807,20.79,1,0.853
20240,ART107,6,838,21089,25.33,1,0.935
20240,ART108,6,1085,21569,19.47,1,0.817
20240,BIO201,6,991,21113,23.01,1,0.901
20240,BIO201,6,990,21113,19.45,1,0.816
20240,BIO201,6,993,20804,20.33,1,0.841
20240,BIO201,6,992,21663,22.45,1,0.890
20240,BIO201,6,994,20986,19.15,1,0.807
20240,BIO202,6,V5597,12418,12.21,1,0.510
20240,BIO202,6,V5598,12418,12.21,1,0.510
20240,BIO202,6,V5599,12418,12.21,1,0.510
20240,BIO202,6,1005,21080,20.33,1,0.841
20240,BIO202,6,1004,21080,20.79,1,0.853
20240,CCC104,6,884,20793,20.78,1,0.853
20240,CCC104,6,883,21303,16.83,1,0.724
20240,CCC104,6,885,21032,14.33,1,0.614
20240,CCC105,6,1305,21303,18.57,1,0.788
20240,CCC105,6,886,20801,14.33,1,0.614
20240,CCC106,6,858,20866,19.45,1,0.816
20240,CCC106,6,859,21221,19.47,1,0.817
20240,CCC106,6,857,20866,22.45,1,0.890
20240,CCC109,6,848,21303,19.15,1,0.807
20240,CCC109,6,850,21354,19.47,1,0.817
20240,CCC109,6,847,21354,25.33,1,0.935
20240,CCC205,6,894,20793,12.69,1,0.535
20240,CCC205,6,897,21303,14.33,1,0.614
20240,CCC205,6,890,20801,16.83,1,0.724
20240,CCC208,6,888,22091,16.83,1,0.724
20240,CCC208,6,889,22091,14.33,1,0.614
20240,CCC209,6,905,22091,22.45,1,0.890
20240,CCC210,6,907,22091,20.33,1,0.841
20240,CCC212,6,882,21032,16.83,1,0.724
20240,CCC216,6,862,22329,22.45,1,0.890
20240,CCC216,6,861,21321,19.47,1,0.817
20240,CCC217,6,895,20793,12.69,1,0.535
20240,CCC217,6,899,21303,14.33,1,0.614
20240,CCC217,6,892,20801,16.83,1,0.724
20240,CCC218,6,917,21259,16.83,1,0.724
20240,CCC301,6,903,21259,19.47,1,0.817
20240,CCC303,6,910,21259,19.15,1,0.807
20240,CCC306,6,1406,22329,22.45,1,0.890
20240,CCC401,6,908,20801,22.45,1,0.890
20240,CCC404,6,1295,22091,19.15,1,0.807
20240,CCC412,6,924,21623,15.53,1,0.670
20240,CCC413,6,1306,21303,22.45,1,0.890
20240,CCC505,6,928,22233,15.51,1,0.669
20240,CIV103,6,1313,21633,19.47,1,0.817
20240,COM212,6,1094,21363,19.15,1,0.807
20240,COM213,6,1095,22187,22.45,1,0.890
20240,COM216,6,1098,21295,15.53,1,0.670
20240,COM310,6,V5573,10026,12.21,1,0.510
20240,COM310,6,805,21350,22.45,1,0.890
20240,COM311,6,V5920,14739,12.21,1,0.510
20240,COM311,6,803,22127,22.45,1,0.890
20240,COM313,6,V5890,11802,12.21,1,0.510
20240,COM313,6,1396,21365,19.15,1,0.807
20240,COM403,6,1348,21350,22.45,1,0.890
20240,COM406,6,V5722,12982,12.21,1,0.510
20240,COM406,6,807,22165,20.79,1,0.853
20240,COM412,6,1097,21295,17.22,1,0.740
20240,COM415,6,1397,21569,20.33,1,0.841
20240,COM421,6,V5871,11802,12.21,1,0.510
20240,COM421,6,821,21873,20.79,1,0.853
20240,COM425,6,1109,22127,22.45,1,0.890
20240,COM430,6,1349,14225,7.84,0,0.303
20240,COM431,6,1104,21363,20.33,1,0.841
20240,CON101,6,V5567,14732,12.21,1,0.510
20240,CON101,6,727,20775,20.79,1,0.853
20240,CON101,6,716,20879,19.47,1,0.817
20240,CON101,6,728,21174,19.47,1,0.817
20240,CON101,6,714,21174,20.79,1,0.853
20240,CON101,6,712,20882,20.33,1,0.841
20240,CON102,6,V5802,14161,12.21,1,0.510
20240,CON102,6,745,22119,19.47,1,0.817
20240,CON102,6,744,22119,20.33,1,0.841
20240,CON203,6,743,21359,19.47,1,0.817
20240,CON203,6,1402,21359,22.45,1,0.890
20240,CON204,6,V5514,12978,12.21,1,0.510
20240,CON204,6,715,20879,19.47,1,0.817
20240,CON204,6,713,21174,20.79,1,0.853
20240,CON204,6,711,20882,20.33,1,0.841
20240,CON205,6,V5568,13064,12.21,1,0.510
20240,CON205,6,729,20881,20.33,1,0.841
20240,CON206,6,V5569,11454,12.21,1,0.510
20240,CON206,6,730,20842,20.79,1,0.853
20240,CON207,6,V5570,11217,12.21,1,0.510
20240,CON207,6,731,20853,20.33,1,0.841
20240,CON208,6,721,20853,19.47,1,0.817
20240,CON209,6,V5571,11454,12.21,1,0.510
20240,CON209,6,732,20853,20.79,1,0.853
20240,CON210,6,V5564,12092,12.21,1,0.510
20240,CON210,6,725,20881,20.79,1,0.853
20240,CON210,6,720,20775,19.47,1,0.817
20240,CON210,6,718,20882,20.79,1,0.853
20240,CON211,6,V5898,12997,12.21,1,0.510
20240,CON211,6,753,22119,20.79,1,0.853
20240,CON212,6,V5928,11217,12.21,1,0.510
20240,CON212,6,749,20853,19.15,1,0.807
20240,CON302,6,V5563,12092,12.21,1,0.510
20240,CON302,6,734,21072,19.15,1,0.807
20240,CON308,6,V5518,12978,12.21,1,0.510
20240,CON308,6,719,20775,19.47,1,0.817
20240,CON308,6,717,20882,20.79,1,0.853
20240,CON316,6,V5565,11217,12.21,1,0.510
20240,CON316,6,726,20775,20.33,1,0.841
20240,CON317,6,710,21072,22.45,1,0.890
20240,CON319,6,1031,21359,19.47,1,0.817
20240,CON319,6,1030,20842,20.33,1,0.841
20240,CON319,6,1026,21359,22.45,1,0.890
20240,CON319,6,1027,20775,19.15,1,0.807
20240,CON320,6,V5572,13011,12.21,1,0.510
20240,CON320,6,733,21072,20.33,1,0.841
20240,CON401,6,722,20680,15.53,1,0.670
20240,CON402,6,723,21174,22.45,1,0.890
20240,CON403,6,724,20680,19.15,1,0.807
20240,CON491,6,751,20956,7.72,0,0.298
20240,CON492,6,752,20956,7.72,0,0.298
20240,DEP107,6,V5494,12374,12.21,1,0.510
20240,DEP107,6,V5495,12374,12.21,1,0.510
20240,DEP113,6,891,21304,19.44,1,0.816
20240,DEP113,6,893,21254,22.45,1,0.890
20240,DER103,6,965,21744,19.47,1,0.817
20240,DER103,6,942,22136,19.15,1,0.807
20240,DER104,6,947,20367,19.44,1,0.816
20240,DER104,6,961,21745,19.15,1,0.807
20240,DER105,6,959,21329,20.33,1,0.841
20240,DER105,6,951,20367,19.47,1,0.817
20240,DER107,6,1186,20570,22.45,1,0.890
20240,DER109,6,1175,22201,20.33,1,0.841
20240,DER111,6,V5580,12937,12.21,1,0.510
20240,DER111,6,V5581,13799,12.21,1,0.510
20240,DER111,6,1202,22306,19.45,1,0.816
20240,DER111,6,941,22136,17.28,1,0.742
20240,DER111,6,1176,20570,20.79,1,0.853
20240,DER111,6,956,21329,22.45,1,0.890
20240,DER113,6,943,22136,20.33,1,0.841
20240,DER114,6,945,20570,19.15,1,0.807
20240,DER115,6,1172,21485,17.98,1,0.768
20240,DER115,6,1180,21493,20.79,1,0.853
20240,DER202,6,1203,22306,19.15,1,0.807
20240,DER204,6,946,30114,22.45,1,0.890
20240,DER205,6,V5583,13931,12.21,1,0.510
20240,DER205,6,1187,21485,15.53,1,0.670
20240,DER206,6,1192,20331,19.15,1,0.807
20240,DER207,6,V5584,10702,12.21,1,0.510
20240,DER207,6,1183,20570,15.53,1,0.670
20240,DER208,6,952,21109,22.45,1,0.890
20240,DER209,6,1278,30175,17.28,1,0.742
20240,DER211,6,1190,20331,22.45,1,0.890
20240,DER214,6,964,21744,20.33,1,0.841
20240,DER215,6,960,21329,22.33,1,0.888
20240,DER217,6,1189,20343,20.79,1,0.853
20240,DER218,6,958,21329,20.79,1,0.853
20240,DER219,6,949,22133,22.45,1,0.890
20240,DER221,6,1280,30114,19.96,1,0.831
20240,DER222,6,950,22133,22.45,1,0.890
20240,DER224,6,957,21329,20.79,1,0.853
20240,DER225,6,1178,20331,14.33,1,0.614
20240,DER226,6,1182,20570,15.53,1,0.670
20240,DER303,6,1179,20331,14.33,1,0.614
20240,DER304,6,1177,30114,20.79,1,0.853
20240,DER305,6,1185,20343,20.33,1,0.841
20240,DER306,6,1275,30114,19.15,1,0.807
20240,DER311,6,963,22201,15.53,1,0.670
20240,DER312,6,1188,20331,20.33,1,0.841
20240,DER313,6,967,21744,17.22,1,0.740
20240,DER314,6,954,21109,20.33,1,0.841
20240,DER315,6,1282,30314,20.79,1,0.853
20240,DER317,6,V5896,12980,12.21,1,0.510
20240,DER320,6,1277,30019,22.45,1,0.890
20240,DER321,6,962,22201,14.33,1,0.614
20240,DER322,6,1193,21485,22.33,1,0.888
20240,DER324,6,1361,30215,20.33,1,0.841
20240,DER325,6,1281,30314,20.79,1,0.853
20240,DER326,6,1279,30123,6.89,0,0.265
20240,DER401,6,1405,12547,15.53,1,0.670
20240,DER401,6,953,21109,19.15,1,0.807
20240,DER405,6,955,21109,20.79,1,0.853
20240,DER407,6,1194,20570,17.22,1,0.740
20240,DER418,6,1353,30123,6.89,0,0.265
20240,DER423,6,948,20343,19.44,1,0.816
20240,DER425,6,1363,30019,19.15,1,0.807
20240,DER426,6,944,22136,7.72,0,0.298
20240,DER427,6,966,21744,7.72,0,0.298
20240,DER437,6,1229,20570,17.22,1,0.740
20240,DGR100,6,1073,22296,22.45,1,0.890
20240,DGR101,6,V5549,11226,12.21,1,0.510
20240,DGR101,6,1077,22188,20.33,1,0.841
20240,DGR104,6,V5721,14223,12.21,1,0.510
20240,DGR104,6,1080,21569,20.79,1,0.853
20240,DGR105,6,1088,21386,20.33,1,0.841
20240,DGR106,6,V5882,11228,12.21,1,0.510
20240,DGR106,6,1081,22053,20.79,1,0.853
20240,DGR107,6,1078,21384,19.45,1,0.816
20240,DGR107,6,1079,21384,22.45,1,0.890
20240,DGR108,6,1093,21363,19.15,1,0.807
20240,DGR200,6,1374,22053,19.15,1,0.807
20240,DGR201,6,1090,21386,20.79,1,0.853
20240,DGR202,6,1082,21569,19.15,1,0.807
20240,DGR203,6,1086,21386,22.45,1,0.890
20240,DGR203,6,1087,21386,25.33,1,0.935
20240,DGR204,6,1096,21295,17.22,1,0.740
20240,DGR206,6,1100,21569,20.33,1,0.841
20240,DGR300,6,1089,21386,20.33,1,0.841
20240,DGR301,6,1375,21569,20.33,1,0.841
20240,DGR305,6,1101,22296,19.44,1,0.816
20240,DGR306,6,1351,21109,20.33,1,0.841
20240,DGR307,6,1107,22187,19.15,1,0.807
20240,DGR308,6,1103,22188,20.79,1,0.853
20240,DGR403,6,1350,14225,7.84,0,0.303
20240,DGR405,6,1346,22296,19.44,1,0.816
20240,DGR406,6,1342,11744,15.53,1,0.670
20240,DGR407,6,1105,21295,19.44,1,0.816
20240,DGR408,6,1344,11744,16.85,1,0.725
20240,DGR591,6,1091,10703,5.37,0,0.210
20240,DGR592,6,1092,10703,5.37,0,0.210
20240,ECO102,6,V5834,12984,12.21,1,0.510
20240,ECO102,6,V5835,13931,12.21,1,0.510
20240,ECO102,6,786,20661,25.33,1,0.935
20240,ECO102,6,785,20661,19.15,1,0.807
20240,ECO104,6,1336,10706,20.79,1,0.853
20240,ECO201,6,V5813,13931,12.21,1,0.510
20240,ECO201,6,784,20661,23.01,1,0.901
20240,ECO201,6,783,20879,22.45,1,0.890
20240,ECO207,6,1331,13926,19.15,1,0.807
20240,ECO208,6,1330,13899,20.33,1,0.841
20240,ECO209,6,1335,14165,22.45,1,0.890
20240,ECO302,6,1329,13899,20.79,1,0.853
20240,ECO303,6,1333,14555,22.45,1,0.890
20240,ECO404,6,1334,14165,15.53,1,0.670
20240,EMP401,6,778,20966,20.33,1,0.841
20240,EMP401,6,779,22259,22.45,1,0.890
20240,EMP401,6,780,22127,20.79,1,0.853
20240,EMP401,6,V5668,13982,12.21,1,0.510
20240,EMP401,6,V5671,13980,12.21,1,0.510
20240,EMP401,6,V5672,13980,12.21,1,0.510
20240,EMP402,6,781,22259,19.15,1,0.807
20240,EMP402,6,782,20966,20.79,1,0.853
20240,EMP402,6,V5676,13980,12.21,1,0.510
20240,EMP402,6,V5677,13980,12.21,1,0.510
20240,ENE402,6,1322,13541,16.83,1,0.724
20240,ENF101,6,754,21687,23.01,1,0.901
20240,ENF102,6,1216,21841,21.43,1,0.868
20240,ENF102,6,1215,22003,18.29,1,0.779
20240,ENF103,6,1217,22003,15.24,1,0.657
20240,ENF201,6,1211,22052,16.38,1,0.706
20240,ENF203,6,1312,21974,21.43,1,0.868
20240,ENF205,6,1317,21229,20.78,1,0.853
20240,ENF206,6,1311,22004,14.42,1,0.619
20240,ESP101,6,V5601,13377,12.21,1,0.510
20240,ESP101,6,936,21089,23.01,1,0.901
20240,ESP101,6,969,20830,19.45,1,0.816
20240,ESP101,6,934,20929,12.56,1,0.528
20240,ESP101,6,971,21254,17.28,1,0.742
20240,ESP101,6,915,21304,19.15,1,0.807
20240,ESP101,6,929,20321,22.45,1,0.890
20240,ESP101,6,932,20321,20.33,1,0.841
20240,ESP102,6,V5647,12078,12.21,1,0.510
20240,ESP102,6,V5934,14736,12.21,1,0.510
20240,ESP103,6,V5553,12108,15.25,1,0.657
20240,ESP103,6,V5561,14736,15.25,1,0.657
20240,ESP103,6,935,21089,28.70,1,0.966
20240,ESP103,6,939,20169,18.44,1,0.784
20240,ESP103,6,968,20830,29.75,1,0.972
20240,ESP103,6,1184,21304,25.15,1,0.933
20240,ESP103,6,933,20929,25.99,1,0.943
20240,ESP103,6,970,21254,28.72,1,0.966
20240,ESP103,6,913,21304,23.31,1,0.906
20240,ESP103,6,975,21288,14.63,1,0.628
20240,ESP103,6,972,20321,23.31,1,0.906
20240,ESP103,6,1356,22132,23.31,1,0.906
20240,ESP103,6,919,20321,26.03,1,0.943
20240,ESP103,6,926,20321,25.15,1,0.933
20240,ESP103,6,931,20321,25.04,1,0.931
20240,ESP103,6,1017,20830,13.81,1,0.590
20240,ESP103,6,978,20929,18.88,1,0.798
20240,ESP103,6,973,21288,23.31,1,0.906
20240,FBB101,6,755,22240,24.69,1,0.927
20240,FBB101,6,757,21989,9.69,0,0.387
20240,FBB201,6,1210,21792,21.43,1,0.868
20240,FIL101,6,V5661,14541,22.64,1,0.894
20240,FIL101,6,V5662,20521,22.64,1,0.894
20240,FIL101,6,V5663,14541,22.64,1,0.894
20240,FIL101,6,V5664,13414,22.64,1,0.894
20240,FIL101,6,852,20699,35.43,1,0.991
20240,FIL101,6,854,30305,27.66,1,0.958
20240,FIL101,6,843,30305,36.13,1,0.992
20240,FIL101,6,840,21254,39.13,1,0.996
20240,FIL101,6,849,30305,39.89,1,0.996
20240,FIL101,6,851,21349,35.23,1,0.990
20240,FIL101,6,845,21789,38.21,1,0.995
20240,FIL101,6,846,20699,39.83,1,0.996
20240,FIL101,6,841,21254,37.44,1,0.994
20240,FIL101,6,839,21254,32.51,1,0.984
20240,FIL401,6,1173,21485,17.98,1,0.768
20240,FIL401,6,1181,21493,20.79,1,0.853
20240,FIL402,6,1191,22133,19.15,1,0.807
20240,FIN208,6,V5817,14732,12.21,1,0.510
20240,FIN208,6,746,20956,22.45,1,0.890
20240,FIN208,6,1378,20853,22.45,1,0.890
20240,FIN302,6,V5694,13164,12.21,1,0.510
20240,FIN302,6,742,20961,19.47,1,0.817
20240,FIN303,6,750,20956,20.79,1,0.853
20240,FIN303,6,V5873,12997,12.21,1,0.510
20240,FIN308,6,V5665,13064,12.21,1,0.510
20240,FIN308,6,737,20775,22.45,1,0.890
20240,FIN309,6,V5927,13302,12.21,1,0.510
20240,FIN309,6,738,21072,20.79,1,0.853
20240,FIN310,6,739,20961,20.79,1,0.853
20240,FIN311,6,V5872,12997,12.21,1,0.510
20240,FIN313,6,747,21359,15.53,1,0.670
20240,FIN401,6,V5695,13302,12.21,1,0.510
20240,FIN403,6,741,20956,20.33,1,0.841
20240,FIN404,6,736,22194,19.47,1,0.817
20240,FIN409,6,1337,10780,17.22,1,0.740
20240,FIN410,6,748,21359,15.53,1,0.670
20240,FIN411,6,740,20956,20.33,1,0.841
20240,FIN422,6,735,22194,19.47,1,0.817
20240,FIS201,6,1016,20962,20.33,1,0.841
20240,FIS201,6,1018,20874,33.17,1,0.986
20240,FIS202,6,1019,20874,31.34,1,0.980
20240,FIS203,6,1020,21079,19.15,1,0.807
20240,FRA101,6,1221,20977,15.53,1,0.670
20240,FRA102,6,1293,20977,11.89,0,0.495
20240,FRA102,6,860,21201,15.53,1,0.670
20240,FRA103,6,863,21201,22.45,1,0.890
20240,FRA104,6,856,21201,20.79,1,0.853
20240,HIS101,6,V5716,11853,23.71,1,0.912
20240,HIS101,6,V5717,13414,23.71,1,0.912
20240,HIS101,6,V5718,12985,23.71,1,0.912
20240,HIS101,6,887,20926,22.35,1,0.888
20240,HIS101,6,880,20698,27.21,1,0.954
20240,HIS101,6,1000,20698,31.76,1,0.981
20240,HIS101,6,869,20977,30.50,1,0.976
20240,HIS101,6,874,20698,31.24,1,0.979
20240,HIS101,6,865,20977,31.19,1,0.979
20240,HIS101,6,872,20926,29.63,1,0.971
20240,HIS101,6,877,20926,31.76,1,0.981
20240,HIS101,6,984,20740,25.88,1,0.941
20240,IND307,6,V5697,13808,12.21,1,0.510
20240,IND307,6,V5698,13216,12.21,1,0.510
20240,IND307,6,1134,22195,22.45,1,0.890
20240,IND309,6,V5485,20501,12.21,1,0.510
20240,IND309,6,V5487,20518,12.21,1,0.510
20240,IND309,6,1368,13542,20.79,1,0.853
20240,IND310,6,V5488,21076,12.21,1,0.510
20240,IND313,6,1115,20832,22.45,1,0.890
20240,IND313,6,1355,10676,15.53,1,0.670
20240,IND401,6,1138,14050,20.33,1,0.841
20240,IND403,6,1127,20936,19.15,1,0.807
20240,IND403,6,1139,14050,15.53,1,0.670
20240,IND404,6,1158,21129,19.15,1,0.807
20240,IND404,6,1114,20832,20.79,1,0.853
20240,IND404,6,1150,21129,19.47,1,0.817
20240,IND405,6,1116,20832,22.45,1,0.890
20240,IND431,6,1130,14049,15.53,1,0.670
20240,IND432,6,1136,21083,19.47,1,0.817
20240,IND432,6,1132,21664,20.33,1,0.841
20240,IND432,6,1113,21664,22.45,1,0.890
20240,IND502,6,V5874,10467,12.21,1,0.510
20240,IND600,6,1133,21465,19.15,1,0.807
20240,IND601,6,1341,13398,17.22,1,0.740
20240,IND601,6,1126,20936,22.45,1,0.890
20240,IND602,6,1151,21129,20.79,1,0.853
20240,INF201,6,V5546,20854,12.21,1,0.510
20240,INF201,6,844,20747,23.01,1,0.901
20240,INF201,6,842,21354,20.33,1,0.841
20240,INF301,6,V5903,11324,12.21,1,0.510
20240,INF304,6,930,20775,15.53,1,0.670
20240,INF308,6,912,21259,19.15,1,0.807
20240,INF309,6,916,20801,20.33,1,0.841
20240,INF408,6,855,21032,22.45,1,0.890
20240,INF409,6,853,21032,19.44,1,0.816
20240,INF416,6,914,20801,20.33,1,0.841
20240,INF513,6,925,21623,11.63,0,0.481
20240,INF513,6,927,20904,11.63,0,0.481
20240,INF514,6,922,21623,9.29,0,0.368
20240,INF514,6,923,20904,9.29,0,0.368
20240,ING105,6,V5732,14261,23.79,1,0.914
20240,ING105,6,V5733,14261,23.79,1,0.914
20240,ING105,6,V5734,14261,23.79,1,0.914
20240,ING105,6,V5735,14261,23.79,1,0.914
20240,ING105,6,V5736,14735,23.79,1,0.914
20240,ING105,6,V5737,14735,23.79,1,0.914
20240,ING105,6,V5738,14735,23.79,1,0.914
20240,ING105,6,1140,20732,18.16,1,0.774
20240,ING105,6,1141,20732,20.48,1,0.845
20240,ING105,6,1142,20732,19.83,1,0.827
20240,ING105,6,1145,20732,29.98,1,0.973
20240,ING105,6,1325,20732,22.25,1,0.886
20240,ING105,6,1143,21136,22.50,1,0.891
20240,ING105,6,1144,21136,18.91,1,0.799
20240,ING105,6,1146,22333,22.25,1,0.886
20240,ING106,6,V5743,12599,18.39,1,0.782
20240,ING106,6,V5744,12599,18.39,1,0.782
20240,ING106,6,V5745,11494,18.39,1,0.782
20240,ING106,6,V5746,12393,18.39,1,0.782
20240,ING106,6,V5747,11215,18.39,1,0.782
20240,ING106,6,1160,22051,21.10,1,0.861
20240,ING106,6,1148,21136,16.40,1,0.707
20240,ING106,6,1147,21136,17.97,1,0.767
20240,ING106,6,1157,21136,25.12,1,0.932
20240,ING106,6,1159,21876,22.73,1,0.895
20240,ING107,6,V5752,10747,12.21,1,0.510
20240,ING107,6,V5753,12393,12.21,1,0.510
20240,ING107,6,V5754,12393,12.21,1,0.510
20240,ING107,6,V5755,12070,12.21,1,0.510
20240,ING107,6,1164,21876,22.33,1,0.888
20240,ING107,6,1162,21188,20.78,1,0.853
20240,ING107,6,1163,21876,18.57,1,0.788
20240,ING108,6,V5760,14427,12.21,1,0.510
20240,ING108,6,V5761,14427,12.21,1,0.510
20240,ING108,6,V5762,14427,12.21,1,0.510
20240,ING108,6,V5763,14427,12.21,1,0.510
20240,ING108,6,1167,22334,14.33,1,0.614
20240,ING108,6,1166,22051,22.33,1,0.888
20240,ING108,6,1165,21205,12.69,1,0.535
20240,ING108,6,1404,30107,5.97,0,0.230
20240,ING109,6,V5764,13415,12.21,1,0.510
20240,ING109,6,V5768,13415,12.21,1,0.510
20240,ING109,6,V5769,13415,12.21,1,0.510
20240,ING109,6,V5770,14427,12.21,1,0.510
20240,ING109,6,1168,21205,20.78,1,0.853
20240,ING109,6,1170,21364,14.33,1,0.614
20240,ING109,6,1328,22051,20.78,1,0.853
20240,ING110,6,V5771,14016,12.21,1,0.510
20240,ING110,6,V5774,14016,12.21,1,0.510
20240,ING110,6,V5775,14016,12.21,1,0.510
20240,ING110,6,V5776,14016,12.21,1,0.510
20240,ING110,6,1195,21205,16.83,1,0.724
20240,ING110,6,1196,22324,22.33,1,0.888
20240,ING113,6,1197,21188,15.53,1,0.670
20240,ING113,6,1198,21188,25.47,1,0.937
20240,ING114,6,1199,21205,19.15,1,0.807
20240,ING115,6,1200,21188,22.45,1,0.890
20240,ING116,6,1201,21876,19.47,1,0.817
20240,INV201,6,V5832,10026,12.21,1,0.510
20240,INV201,6,834,21363,22.45,1,0.890
20240,LCC101,6,V5862,11324,12.21,1,0.510
20240,LCC102,6,V5864,11208,12.21,1,0.510
20240,LCC102,6,879,21354,20.79,1,0.853
20240,LCC103,6,V5867,11208,12.21,1,0.510
20240,LCC103,6,881,21437,17.22,1,0.740
20240,LCC104,6,V5853,13153,23.28,1,0.905
20240,LCC104,6,V5859,13301,23.28,1,0.905
20240,LCC104,6,V5860,13301,23.28,1,0.905
20240,LCC104,6,V5861,11208,23.28,1,0.905
20240,LCC104,6,864,21032,31.78,1,0.981
20240,LCC104,6,873,20793,28.28,1,0.963
20240,LCC104,6,868,21221,39.89,1,0.996
20240,LCC104,6,876,20747,37.36,1,0.994
20240,LCC104,6,870,21437,38.44,1,0.995
20240,LCC104,6,878,20747,38.16,1,0.995
20240,LCC104,6,871,20747,40.22,1,0.996
20240,LCC104,6,866,20747,31.65,1,0.981
20240,LCC104,6,867,21032,29.94,1,0.973
20240,LCC104,6,1392,21321,28.69,1,0.966
20240,LCC104,6,1327,21221,24.62,1,0.926
20240,LCC104,6,1395,20747,24.62,1,0.926
20240,LCC104,6,1401,21259,28.69,1,0.966
20240,LCC104,6,1393,21321,29.94,1,0.973
20240,LCC104,6,1403,21354,28.69,1,0.966
20240,LCC104,6,1394,21221,31.65,1,0.981
20240,LFIS01,6,1383,20962,-3.47,0,0.043
20240,LFIS01,6,1384,20962,-3.79,0,0.041
20240,LFIS01,6,1385,20874,3.00,0,0.142
20240,LFIS01,6,1386,20874,2.68,0,0.134
20240,LFIS01,6,1387,20874,2.36,0,0.127
20240,LFIS01,6,1388,20874,2.35,0,0.127
20240,LFIS01,6,1389,20874,1.59,0,0.111
20240,LFIS01,6,1390,20874,1.59,0,0.111
20240,LFIS01,6,1391,20874,1.59,0,0.111
20240,LFIS01,6,1398,21079,-3.47,0,0.043
20240,LOG101,6,791,22338,19.15,1,0.807
20240,LOG101,6,793,22113,23.01,1,0.901
20240,LOG303,6,V5929,11217,12.21,1,0.510
20240,LOG303,6,1128,20978,19.15,1,0.807
20240,LOG304,6,1131,22113,22.45,1,0.890
20240,LOG401,6,V5809,11484,12.21,1,0.510
20240,LOG403,6,V5810,13640,12.21,1,0.510
20240,LOG403,6,1376,20795,20.33,1,0.841
20240,LOG404,6,1219,13792,20.33,1,0.841
20240,LOG405,6,1135,21083,20.79,1,0.853
20240,LOG407,6,1118,13792,20.33,1,0.841
20240,LOG500,6,1112,21664,20.79,1,0.853
20240,LOG502,6,V5701,13919,12.21,1,0.510
20240,LOG502,6,1117,21900,20.33,1,0.841
20240,LOG502,6,1154,22331,15.53,1,0.670
20240,LOG503,6,1124,21867,20.33,1,0.841
20240,LOG504,6,1129,20978,22.45,1,0.890
20240,LOG505,6,1122,21261,19.15,1,0.807
20240,LOG506,6,1111,21664,19.15,1,0.807
20240,LOG508,6,1121,21261,20.79,1,0.853
20240,LOG509,6,1155,21900,22.45,1,0.890
20240,LOG510,6,1156,21900,19.15,1,0.807
20240,LOG510,6,1343,13789,15.53,1,0.670
20240,LOG511,6,1119,13789,20.79,1,0.853
20240,LOG512,6,1120,21261,22.45,1,0.890
20240,LOG513,6,1123,22113,19.15,1,0.807
20240,LOG514,6,1152,21129,18.57,1,0.788
20240,LOG515,6,1153,21129,8.01,0,0.310
20240,LOG515,6,1369,20748,8.01,0,0.310
20240,LOG516,6,1125,21867,8.01,0,0.310
20240,LOG517,6,1137,21083,8.01,0,0.310
20240,MAT002,6,V5789,14279,10.39,0,0.420
20240,MAT002,6,1041,21256,2.43,0,0.129
20240,MAT002,6,1049,21256,2.09,0,0.121
20240,MAT002,6,1029,21113,-2.72,0,0.050
20240,MAT002,6,1055,21113,3.74,0,0.161
20240,MAT002,6,1047,20831,1.93,0,0.118
20240,MAT002,6,1025,20965,-1.15,0,0.067
20240,MAT002,6,1035,20456,2.60,0,0.132
20240,MAT002,6,1045,20013,2.19,0,0.123
20240,MAT002,6,1039,20986,2.64,0,0.133
20240,MAT002,6,1043,20962,2.09,0,0.121
20240,MAT002,6,1037,21441,1.83,0,0.116
20240,MAT101,6,V5798,11805,12.15,1,0.508
20240,MAT101,6,V5799,12226,12.15,1,0.508
20240,MAT101,6,V5936,14279,12.15,1,0.508
20240,MAT101,6,1040,21256,33.84,1,0.987
20240,MAT101,6,1048,21256,32.92,1,0.985
20240,MAT101,6,1028,21113,25.05,1,0.932
20240,MAT101,6,1054,21113,33.04,1,0.985
20240,MAT101,6,1032,20883,22.29,1,0.887
20240,MAT101,6,1046,20831,28.88,1,0.967
20240,MAT101,6,1024,20965,24.64,1,0.926
20240,MAT101,6,1034,20456,28.92,1,0.967
20240,MAT101,6,1044,20013,33.67,1,0.987
20240,MAT101,6,1038,20986,34.08,1,0.988
20240,MAT101,6,1042,20962,32.92,1,0.985
20240,MAT101,6,1220,20875,21.40,1,0.868
20240,MAT101,6,1050,20875,32.53,1,0.984
20240,MAT101,6,1052,20962,14.39,1,0.617
20240,MAT101,6,1036,21441,33.58,1,0.987
20240,MAT102,6,V5499,11710,14.99,1,0.645
20240,MAT102,6,V5503,12615,14.99,1,0.645
20240,MAT102,6,V5504,10576,14.99,1,0.645
20240,MAT102,6,V5505,12623,14.99,1,0.645
20240,MAT102,6,V5506,12623,14.99,1,0.645
20240,MAT102,6,979,21439,31.57,1,0.980
20240,MAT102,6,976,20962,28.04,1,0.961
20240,MAT102,6,981,21739,20.31,1,0.841
20240,MAT102,6,982,20531,19.48,1,0.817
20240,MAT102,6,983,20831,21.10,1,0.861
20240,MAT102,6,985,20986,28.27,1,0.963
20240,MAT102,6,974,20873,27.33,1,0.955
20240,MAT102,6,980,20456,28.52,1,0.965
20240,MAT102,6,977,20531,32.43,1,0.983
20240,MAT102,6,986,21739,19.50,1,0.817
20240,MAT103,6,1222,21079,20.79,1,0.853
20240,MAT103,6,1022,20219,25.33,1,0.935
20240,MAT103,6,1021,20875,19.15,1,0.807
20240,MAT105,6,989,20219,19.45,1,0.816
20240,MAT105,6,987,11805,19.15,1,0.807
20240,MAT105,6,988,21256,20.79,1,0.853
20240,MAT106,6,V5537,13336,12.21,1,0.510
20240,MAT106,6,V5540,13151,12.21,1,0.510
20240,MAT106,6,V5933,13336,12.21,1,0.510
20240,MAT106,6,1002,20873,22.45,1,0.890
20240,MAT106,6,1003,21256,20.33,1,0.841
20240,MAT107,6,V5605,14017,12.21,1,0.510
20240,MAT107,6,V5940,13919,12.21,1,0.510
20240,MAT107,6,1009,20874,34.02,1,0.988
20240,MAT107,6,1010,21204,19.15,1,0.807
20240,MAT109,6,996,21204,22.45,1,0.890
20240,MAT109,6,995,20875,20.33,1,0.841
20240,MAT109,6,997,20883,15.28,1,0.658
20240,MAT203,6,1008,20986,22.45,1,0.890
20240,MAT203,6,1007,21439,20.33,1,0.841
20240,MAT205,6,V5609,14017,12.21,1,0.510
20240,MAT205,6,1011,11805,20.33,1,0.841
20240,MAT205,6,1012,21439,22.45,1,0.890
20240,MAT209,6,1023,21079,22.45,1,0.890
20240,MAT210,6,998,20965,22.45,1,0.890
20240,MAT210,6,1001,20219,15.28,1,0.658
20240,MAT210,6,999,20219,20.33,1,0.841
20240,MAT301,6,1014,20874,34.08,1,0.988
20240,MAT301,6,1013,20873,20.79,1,0.853
20240,MAT302,6,1015,21079,20.33,1,0.841
20240,MDE102,6,1214,22097,14.39,1,0.617
20240,MDE102,6,1204,22096,21.43,1,0.868
20240,MDE102,6,1205,22303,18.29,1,0.779
20240,MDE105,6,1206,22242,18.29,1,0.779
20240,MDE107,6,1208,22055,26.35,1,0.946
20240,MDE108,6,1207,22242,24.46,1,0.924
20240,MDE204,6,1149,21204,18.57,1,0.788
20240,MDE204,6,1233,21204,16.83,1,0.724
20240,MDE207,6,1209,22055,24.46,1,0.924
20240,MDE208,6,1236,14168,14.33,1,0.614
20240,MDE208,6,1237,22245,18.57,1,0.788
20240,MDE212,6,V5680,20725,12.21,1,0.510
20240,MDE304,6,1268,22055,19.15,1,0.807
20240,MEC301,6,1318,22025,22.45,1,0.890
20240,MER101,6,V5782,13306,12.21,1,0.510
20240,MER101,6,808,22193,23.01,1,0.901
20240,MER101,6,809,21350,20.33,1,0.841
20240,MER102,6,V5807,14017,12.21,1,0.510
20240,MER102,6,812,21365,15.51,1,0.669
20240,MER202,6,V5547,13756,12.21,1,0.510
20240,MER202,6,804,22193,20.33,1,0.841
20240,MER203,6,V5889,11802,12.21,1,0.510
20240,MER203,6,827,21365,19.15,1,0.807
20240,MER204,6,V5805,11858,12.21,1,0.510
20240,MER204,6,810,10703,22.45,1,0.890
20240,MER205,6,V5466,10928,12.21,1,0.510
20240,MER205,6,802,20447,15.28,1,0.658
20240,MER206,6,V5806,10738,12.21,1,0.510
20240,MER206,6,811,20693,22.45,1,0.890
20240,MER207,6,V5821,11858,12.21,1,0.510
20240,MER207,6,V5822,13806,12.21,1,0.510
20240,MER207,6,817,20693,19.47,1,0.817
20240,MER207,6,814,21365,20.33,1,0.841
20240,MER207,6,816,21365,22.45,1,0.890
20240,MER207,6,815,22193,15.28,1,0.658
20240,MER210,6,V5881,10948,12.21,1,0.510
20240,MER301,6,V5875,11152,12.21,1,0.510
20240,MER301,6,824,20447,19.15,1,0.807
20240,MER305,6,V5585,14259,12.21,1,0.510
20240,MER305,6,806,20447,19.45,1,0.816
20240,MER312,6,V5823,10948,12.21,1,0.510
20240,MER312,6,V5938,10948,12.21,1,0.510
20240,MER312,6,818,20693,19.15,1,0.807
20240,MER401,6,819,20693,15.53,1,0.670
20240,MER410,6,V5870,10520,12.21,1,0.510
20240,MER410,6,820,22050,20.79,1,0.853
20240,MER415,6,V5919,13306,12.21,1,0.510
20240,MER415,6,829,22050,20.33,1,0.841
20240,MER417,6,V5918,14017,12.21,1,0.510
20240,MER417,6,828,20873,20.33,1,0.841
20240,MER420,6,V5814,14739,12.21,1,0.510
20240,MER420,6,813,21350,19.15,1,0.807
20240,MER595,6,822,10703,5.37,0,0.210
20240,MER596,6,825,10703,5.37,0,0.210
20240,POR103,6,1362,21749,3.38,0,0.151
20240,PSE102,6,V5885,12115,12.21,1,0.510
20240,PSE103,6,V5887,12505,12.21,1,0.510
20240,PSE103,6,1241,14406,17.22,1,0.740
20240,PSE107,6,1231,22234,22.45,1,0.890
20240,PSE107,6,1232,22059,19.44,1,0.816
20240,PSE108,6,1234,22059,17.22,1,0.740
20240,PSE110,6,1240,20925,20.79,1,0.853
20240,PSE111,6,761,22317,19.44,1,0.816
20240,PSE111,6,760,22248,20.79,1,0.853
20240,PSE200,6,1239,22245,16.83,1,0.724
20240,PSE203,6,1243,22244,14.58,1,0.626
20240,PSE205,6,1247,20925,14.58,1,0.626
20240,PSE210,6,V5888,13311,12.21,1,0.510
20240,PSE211,6,1244,20925,20.33,1,0.841
20240,PSE212,6,1235,21229,19.47,1,0.817
20240,PSE213,6,1238,21777,19.47,1,0.817
20240,PSE214,6,1250,22248,19.15,1,0.807
20240,PSE215,6,1254,22244,20.33,1,0.841
20240,PSE216,6,1242,21552,19.44,1,0.816
20240,PSE217,6,1245,12712,16.83,1,0.724
20240,PSE218,6,1246,22234,19.15,1,0.807
20240,PSE219,6,1248,11661,16.83,1,0.724
20240,PSE220,6,1249,22245,22.45,1,0.890
20240,PSE300,6,1251,20950,14.58,1,0.626
20240,PSE311,6,1258,20950,16.83,1,0.724
20240,PSE312,6,1255,22244,16.83,1,0.724
20240,PSE314,6,1265,20950,18.57,1,0.788
20240,PSE316,6,1262,21619,18.57,1,0.788
20240,PSE318,6,1269,20925,10.97,0,0.448
20240,PSE319,6,1252,13791,20.79,1,0.853
20240,PSE320,6,1253,22330,20.33,1,0.841
20240,PSE321,6,1257,21229,22.50,1,0.891
20240,PSE322,6,1259,21229,14.58,1,0.626
20240,PSE323,6,1260,22248,20.33,1,0.841
20240,PSE324,6,1261,20950,22.45,1,0.890
20240,PSE325,6,1263,22327,17.22,1,0.740
20240,PSE326,6,1264,22248,22.45,1,0.890
20240,PSE402,6,V5886,21120,12.21,1,0.510
20240,PSE404,6,V5562,13307,12.21,1,0.510
20240,PSE404,6,1310,12712,20.33,1,0.841
20240,PSE406,6,1400,22171,17.22,1,0.740
20240,PSE408,6,1272,21229,22.45,1,0.890
20240,PSE415,6,1266,14141,20.79,1,0.853
20240,PSE416,6,1267,21619,22.45,1,0.890
20240,PSE417,6,1270,22171,17.22,1,0.740
20240,PSE418,6,1271,21619,16.83,1,0.724
20240,PSE419,6,1273,22171,19.15,1,0.807
20240,PSE420,6,1274,21792,20.33,1,0.841
20240,PSE421,6,1380,21619,5.37,0,0.210
20240,PSE502,6,1381,11661,5.37,0,0.210
20240,PSE502,6,1379,21619,5.37,0,0.210
20240,REH101,6,V5922,13918,12.21,1,0.510
20240,REH101,6,1059,21024,19.45,1,0.816
20240,REH101,6,1067,21024,19.47,1,0.817
20240,REH101,6,1065,22266,20.79,1,0.853
20240,REH101,6,1062,22260,19.15,1,0.807
20240,REH102,6,V5923,12712,12.21,1,0.510
20240,REH102,6,1070,21530,15.53,1,0.670
20240,REH201,6,V5615,13213,12.21,1,0.510
20240,REH202,6,1286,22166,20.79,1,0.853
20240,REH301,6,1058,21024,19.45,1,0.816
20240,REH301,6,1068,21024,19.47,1,0.817
20240,REH301,6,1064,22266,20.79,1,0.853
20240,REH301,6,1061,22260,19.15,1,0.807
20240,REH302,6,V5690,12942,12.21,1,0.510
20240,REH302,6,1057,21024,19.45,1,0.816
20240,REH302,6,1066,21024,19.47,1,0.817
20240,REH302,6,1063,22266,20.79,1,0.853
20240,REH302,6,1060,22260,19.15,1,0.807
20240,REH303,6,V5683,13485,12.21,1,0.510
20240,REH303,6,1069,21530,15.53,1,0.670
20240,REH304,6,1285,11525,20.79,1,0.853
20240,REH305,6,V5703,11661,12.21,1,0.510
20240,REH305,6,1287,21919,20.79,1,0.853
20240,REH306,6,V5588,10389,12.21,1,0.510
20240,REH306,6,1288,21919,22.45,1,0.890
20240,REH307,6,V5699,13680,12.21,1,0.510
20240,REH307,6,1377,12610,20.79,1,0.853
20240,REH308,6,V5534,13918,12.21,1,0.510
20240,REH308,6,1290,22166,20.33,1,0.841
20240,REH401,6,V5574,13546,12.21,1,0.510
20240,REH401,6,1292,12712,19.15,1,0.807
20240,REH402,6,V5921,11661,12.21,1,0.510
20240,REH402,6,1291,11610,15.53,1,0.670
20240,REH403,6,V5700,13918,12.21,1,0.510
20240,REH403,6,1283,12610,19.15,1,0.807
20240,REH404,6,V5535,13799,12.21,1,0.510
20240,REH404,6,1309,12610,20.33,1,0.841
20240,REH405,6,1071,22260,7.72,0,0.298
20240,REH406,6,1072,22260,6.45,0,0.248
20240,SEL102,6,795,21633,22.45,1,0.890
20240,SEL301,6,1314,21410,16.83,1,0.724
20240,SEL303,6,1316,21532,20.79,1,0.853
20240,SEL306,6,1315,21532,18.57,1,0.788
20240,SEL309,6,1319,21654,7.18,0,0.276
20240,SEL401,6,1323,21348,5.97,0,0.230
20240,SEL402,6,1321,13610,18.57,1,0.788
20240,SEL406,6,1320,21654,16.83,1,0.724
20240,SEL407,6,1324,21654,19.15,1,0.807
20240,SEL414,6,796,20801,19.15,1,0.807
20240,SEL415,6,797,21654,18.57,1,0.788
20240,SEL416,6,798,22025,16.83,1,0.724
20240,SEL491,6,799,21410,8.01,0,0.310
20240,SEL492,6,800,22025,7.72,0,0.298
20240,SEL493,6,801,22025,7.72,0,0.298
20240,SOC101,6,V5916,13214,15.61,1,0.673
20240,SOC101,6,V5917,13214,15.61,1,0.673
20240,SOC101,6,904,20698,34.69,1,0.989
20240,SOC101,6,911,21468,28.39,1,0.964
20240,SOC101,6,909,20830,27.46,1,0.957
20240,SOC101,6,896,20952,40.98,1,0.997
20240,SOC101,6,906,20830,31.58,1,0.980
20240,SOC101,6,898,21349,33.56,1,0.987
20240,SOC101,6,900,21349,32.86,1,0.985
20240,SOC101,6,901,21304,35.30,1,0.991
20240,SOC101,6,1006,20698,32.86,1,0.985
20240,SOC101,6,902,21349,34.87,1,0.990
20240,TEL201,6,1326,22091,19.15,1,0.807
20240,TFO102,6,1294,14653,20.79,1,0.853
20240,TFO103,6,758,22275,9.33,0,0.370
20240,TFO104,6,1339,22336,12.06,1,0.503
20240,TFO206,6,1213,22052,18.29,1,0.779
20240,TFO301,6,1212,22242,16.38,1,0.706
20240,TLL300,6,V5780,13155,12.21,1,0.510
20240,TLL306,6,V5838,20838,12.21,1,0.510
20240,TLL308,6,V5625,11184,12.21,1,0.510
20240,TLL308,6,1224,21789,17.12,1,0.736
20240,TLL308,6,1226,21288,24.77,1,0.928
20240,TLL308,6,1228,30305,19.03,1,0.803
20240,TLL309,6,V5899,13113,12.21,1,0.510
20240,TLL310,6,V5630,10702,12.21,1,0.510
20240,TLL310,6,V5638,13799,12.21,1,0.510
20240,TLL310,6,V5639,13799,12.21,1,0.510
20240,TLL310,6,V5643,13003,12.21,1,0.510
20240,TLL310,6,V5644,13003,12.21,1,0.510
20240,TLL310,6,V5645,11297,12.21,1,0.510
20240,TLL310,6,1223,21789,17.12,1,0.736
20240,TLL310,6,1225,21288,24.77,1,0.928
20240,TLL310,6,1227,30305,19.03,1,0.803
20240,TLL314,6,V5825,13002,12.21,1,0.510
20240,TLL314,6,V5831,13002,12.21,1,0.510
20240,TLL314,6,832,22182,23.01,1,0.901
20240,TLL314,6,833,22182,20.33,1,0.841
20240,TLL314,6,831,21363,22.45,1,0.890
20240,TLL314,6,830,20447,15.53,1,0.670
